{
    "loss": 13.554410934448242,
    "accuracy": 0.518697202205658
}