{
    "loss": 17.571134567260742,
    "accuracy": 0.4838709533214569
}