{
    "loss": 0.92043536901474,
    "accuracy": 0.8172042965888977
}