{
    "loss": 30.200374603271484,
    "accuracy": 0.4838709533214569
}