{
    "loss": 2.2854011058807373,
    "accuracy": 0.4516128897666931
}